Time,PacketsReceived
1.01159,1
1.10284,2
1.20284,3
1.30284,4
1.40284,5
1.50284,6
1.60284,7
1.7019,8
1.8019,9
1.9019,10
