Time,PacketsReceived
1.01159,1
1.10284,2
1.20284,3
1.30284,4
1.40284,5
1.50284,6
1.60284,7
1.7019,8
1.8019,9
1.9019,10
2.0019,11
2.1019,12
2.2019,13
2.3019,14
2.4019,15
2.5019,16
2.6019,17
2.70143,18
2.80143,19
2.90143,20
3.00143,21
3.10143,22
3.20143,23
3.30143,24
3.40143,25
3.50143,26
3.60143,27
3.70096,28
3.80096,29
3.90096,30
